Start Date;End Date;GICS sector;DeltaMv_portfolio;DeltaMv_benchmark;PreviousMv_portfolio;PreviousMv_benchmark;Weight_portfolio;Weight_benchmark;Return_portfolio;Return_benchmark;Total_Return_benchmark;Total_Return_portfolio;Allocation Effect;Selection Effect;Total Effect
2019-09-30;2019-10-31;Cash;0,0;0,0;10000000,0;0,0;0,0460012716131512;0,0;0,0;0,0;0,008728019945722833;0,006670509842903587;-0,00040150001616819726;0,0;-0,00040150001616819726
2019-09-30;2019-10-31;Communication Services;-34864,0;-391658,37;4526797,0;65098684,94;0,020823841833459804;0,024068538821897356;-0,0077016928304936135;-0,006016379138241929;0,008728019945722833;0,006670509842903587;4,784110730406187e-05;-3,509470576721323e-05;1,2746401536848635e-05
2019-09-30;2019-10-31;Consumer Discretionary;-1405903,0;-14997694,399999999;44781727,5;590024711,59;0,20600164100336227;0,21814622967993105;-0,031394568242147425;-0,025418756376464596;0,008728019945722833;0,006670509842903587;0,0004146985530637646;-0,0012310270506580266;-0,000816328497594262
2019-09-30;2019-10-31;Consumer Staples;126250,0;1605470,75;6421250,0;81656467,75;0,029538566534594714;0,030190346639280125;0,019661280903250925;0,019661280903250925;0,008728019945722833;0,006670509842903587;-7,126081971450574e-06;0,0;-7,126081971450574e-06
2019-09-30;2019-10-31;Financials;202804,25;-203404,53000000014;9480162,5;247622086,89000002;0,043609953009931056;0,09155180042368466;0,021392486679421372;-0,0008214312889235828;0,008728019945722833;0,006670509842903587;0,0004578183339764994;0,0009687479187659866;0,001426566252742486
2019-09-30;2019-10-31;Health Care;-55195,0;-567455,84;6624050,0;87223952,5;0,03047147232290942;0,03224877874077653;-0,008332515606011427;-0,006505734075740261;0,008728019945722833;0,006670509842903587;2,707504879055523e-05;-5,566472283965995e-05;-2,858967404910472e-05
2019-09-30;2019-10-31;Industrials;868675,0;12064418,75;12209750,0;175695432,31;0,05616640260786729;0,06495879812750138;0,0711460103605725;0,06866666134332584;0,008728019945722833;0,006670509842903587;-0,0005270042420772393;0,00013925611510809567;-0,00038774812696914363
2019-09-30;2019-10-31;Information Technology;955242,0;13748717,14;33796024,0;369108826,71;0,15546600794685767;0,13646835006517752;0,028264922524614138;0,037248410617939626;0,008728019945722833;0,006670509842903587;0,0005418206246426363;-0,0013966270313074416;-0,0008548064066648053
2019-09-30;2019-10-31;Materials;20470,0;596156,9199999999;9847225,0;130641748,25;0,04529848718608129;0,04830137494196309;0,00207875822884112;0,004563295638536435;0,008728019945722833;0,006670509842903587;1,2506199628673367e-05;-0,00011254578601642281;-0,00010003958638774944
2019-09-30;2019-10-31;No GICS Sector;645723,5;10697870,780000001;70847817,0;884090062,33;0,32590896730158314;0,3268692141301382;0,009114232835148612;0,012100430980760033;0,008728019945722833;0,006670509842903587;-3,238347000978544e-06;-0,0009732287537941209;-0,0009764671007950994
2019-09-30;2019-10-31;Utilities;126868,0;1054438,56;8850492,0;73559132,64;0,04071338864020218;0,027196568429650018;0,01433457032671178;0,01433457032671178;0,008728019945722833;0,006670509842903587;7,578273350123032e-05;0,0;7,578273350123032e-05
2019-10-31;2019-11-29;Cash;0,0;0,0;10000000,0;0,0;0,04569645297380366;0,0;0,0;0,0;0,026382095186391567;0,024552327187087674;-0,0012055681720353542;0,0;-0,0012055681720353542
2019-10-31;2019-11-29;Communication Services;62685,0;945708,4700000001;4491933,0;64707026,57;0,020526540509597683;0,023716733246220926;0,013955016693258783;0,014615236089962094;0,026382095186391567;0,024552327187087674;3,753854842229844e-05;-1,3552020191652654e-05;2,3986528230645785e-05
2019-10-31;2019-11-29;Consumer Discretionary;1318055,0;18118834,33;43375824,5;575027017,19;0,19821213244642108;0,21076169156547486;0,030386857545497494;0,03150953570589047;0,026382095186391567;0,024552327187087674;-6,434711792888332e-05;-0,00022252843222251675;-0,00028687555015140004
2019-10-31;2019-11-29;Consumer Staples;-78750,0;-1001432,25;6547500,0;83261938,5;0,02991975258459795;0,03051756956922634;-0,012027491408934709;-0,012027491408934709;0,026382095186391567;0,024552327187087674;2,2961903239240993e-05;0,0;2,2961903239240993e-05
2019-10-31;2019-11-29;Financials;416779,75;6343658,26;9682966,75;247418682,35999998;0,04424772347382795;0,09068509558719454;0,04304256750649278;0,02563936643543283;0,026382095186391567;0,024552327187087674;3,449037138756688e-05;0,0007700520285516873;0,0008045423999392541
2019-10-31;2019-11-29;Health Care;164440,0;2186910,68;6568855,0;86656496,66;0,030017337359923506;0,03176175949166713;0,025033282056005194;0,02523654618280296;0,026382095186391567;0,024552327187087674;1,998321034856825e-06;-6,101447867258776e-06;-4,1031268324019515e-06
2019-10-31;2019-11-29;Industrials;562590,0;8697962,629999999;13078425,0;187759851,06;0,059763763298391816;0,06881865135810075;0,04301664764679233;0,046324933583487465;0,026382095186391567;0,024552327187087674;-0,00018058016927856855;-0,00019771561764404634;-0,0003782957869226149
2019-10-31;2019-11-29;Information Technology;1351931,75;15001408,280000001;34751266,0;382857543,85;0,15880095925491422;0,14032680406000275;0,03890309348729914;0,039182741782090656;0,026382095186391567;0,024552327187087674;0,00023648113180416014;-4,440841746689409e-05;0,00019207271433726604
2019-10-31;2019-11-29;Materials;78580,0;977647,46;9867695,0;131237905,17;0,045091866052733756;0,04810195358525077;0,00796335922421599;0,0074494290253535895;0,026382095186391567;0,024552327187087674;5,698898236864711e-05;2,317407168755815e-05;8,016305405620527e-05
2019-10-31;2019-11-29;No GICS Sector;1619610,0;21730633,91;71493540,5;894787933,11;0,3267001211388978;0,32796201350018617;0,022653934728550755;0,024285792315583858;0,026382095186391567;0,024552327187087674;2,645308579619138e-06;-0,0005331280713651443;-0,0005304827627855252
2019-10-31;2019-11-29;Utilities;-123004,0;-1022323,68;8977360,0;74613571,2;0,041023350906890604;0,02734772803667576;-0,013701578192252512;-0,013701578192252512;0,026382095186391567;0,024552327187087674;-0,0005481692003792068;0,0;-0,0005481692003792068
2019-11-29;2019-12-31;Cash;0,0;0,0;10000000,0;0,0;0,04460138517206188;0,0;0,0;0,0;0,014985540322264875;0,014043956380010327;-0,0006683758559248;0,0;-0,0006683758559248
2019-11-29;2019-12-31;Communication Services;-281013,0;-3326393,15;4554618,0;65652735,04;0,020314227172960615;0,02344483503244197;-0,06169847833561454;-0,050666482485053226;0,014985540322264875;0,014043956380010327;0,00020553073859143922;-0,00022410646987946136;-1,857573128802214e-05
2019-11-29;2019-12-31;Consumer Discretionary;-39432,40000000002;1737373,250000001;44693879,5;593145851,52;0,19934089344132205;0,21181458214332025;-0,0008822774044486343;0,0029290826961830643;0,014985540322264875;0,014043956380010327;0,00015038849927657662;-0,0007597599276865299;-0,0006093714284099532
2019-11-29;2019-12-31;Consumer Staples;126250,0;1605470,75;6468750,0;82260506,25;0,028851521033177528;0,029375531690208952;0,019516908212560385;0,019516908212560385;0,014985540322264875;0,014043956380010327;-2,374485065444849e-06;0,0;-2,374485065444849e-06
2019-11-29;2019-12-31;Financials;311908,5;7331295,149999999;10099746,5;253762340,62;0,04504626837866839;0,09061947243564901;0,030882804830794516;0,02889039852047373;0,014985540322264875;0,014043956380010327;-0,0006336889400503521;8,975046937406254e-05;-0,0005439384706762896
2019-11-29;2019-12-31;Health Care;245350,0;3043966,1;6733295,0;88843407,34;0,03003142837721184;0,03172631006975249;0,036438326257798005;0,03426214945078445;0,014985540322264875;0,014043956380010327;-3,267157190618978e-05;6,535369791597714e-05;3,268212600978736e-05
2019-11-29;2019-12-31;Industrials;-193955,0;-1619627,55;13641015,0;196457813,69;0,060840816415287366;0,07015581346291266;-0,014218516730609856;-0,008244149314191629;0,014985540322264875;0,014043956380010327;0,00021638449038084432;-0,00036348539117977605;-0,00014710090079893173
2019-11-29;2019-12-31;Information Technology;1321972,25;14162425,57;36103197,75;397858952,13;0,16102526287908678;0,14207690651707047;0,03661648641635906;0,03559659898106916;0,014985540322264875;0,014043956380010327;0,0003905456844654454;0,00016422764237463463;0,00055477332684008
2019-11-29;2019-12-31;Materials;330595,0;4323896,07;9946275,0;132215552,63;0,044361764230224976;0,04721466391681797;0,03323807153934513;0,03270338461693877;0,014985540322264875;0,014043956380010327;-5,0547232435378686e-05;2,3719655188775498e-05;-2,6827577246603188e-05
2019-11-29;2019-12-31;No GICS Sector;985132,0;11863540,0;73113150,5;916518567,02;0,3260947786593429;0,3272921774677372;0,013474073997125866;0,0129441349328836;0,014985540322264875;0,014043956380010327;2,4443763806948657e-06;0,00017281036185702107;0,00017525473823771593
2019-11-29;2019-12-31;Utilities;341964,0;2842166,88;8854356,0;73591247,52;0,03949165424065571;0,026279707264089087;0,038620990617499455;0,038620990617499455;0,014985540322264875;0,014043956380010327;0,0003122703160679153;0,0;0,0003122703160679153
2019-12-31;2020-01-31;Cash;0,0;0,0;10000000,0;0,0;0,04398368028471108;0,0;0,0;0,0;-0,02416333281798175;-0,016876724396129646;0,0010627923052791762;0,0;0,0010627923052791762
2019-12-31;2020-01-31;Communication Services;-143971,0;-2120686,26;4273605,0;62326341,89;0,018796887598314268;0,02192835939499103;-0,03368841996394145;-0,03402552108292842;-0,02416333281798175;-0,016876724396129646;3,0883164405197026e-05;6,336451842863954e-06;3,721961624806098e-05
2019-12-31;2020-01-31;Consumer Discretionary;-1034159,6;-15223386,21;44654447,1;594883224,77;0,19640669245369438;0,20929855267024386;-0,02315916257308222;-0,02559054546526476;-0,02416333281798175;-0,016876724396129646;1,8399425948064087e-05;0,0004775398719420699;0,0004959392978901339
2019-12-31;2020-01-31;Consumer Staples;-292500,0;-3719605,5;6595000,0;83865977,0;0,029007237147766957;0,029506677736899533;-0,04435178165276725;-0,04435178165276725;-0,02416333281798175;-0,016876724396129646;1,0082930779718145e-05;0,0;1,0082930779718145e-05
2019-12-31;2020-01-31;Financials;-600850,5;-17609795,88;10411655,0;261093635,77;0,04579429047547135;0,09186091959342244;-0,057709413152856104;-0,06744628542195737;-0,02416333281798175;-0,016876724396129646;0,0019938997247372;0,00044589315701378505;0,002439792881750985
2019-12-31;2020-01-31;Health Care;-215400,0;-2851805,4000000004;6978645,0;91887373,44;0,030694649050049753;0,03232885626771177;-0,03086559066982201;-0,03103587895960649;-0,02416333281798175;-0,016876724396129646;1,123116450835841e-05;5,226939292267854e-06;1,6458103800626264e-05
2019-12-31;2020-01-31;Industrials;2480,0;-3283344,3;13447060,0;194838186,14;0,0591451187809327;0,06855017701963961;0,00018442693049633153;-0,01685164682061231;-0,02416333281798175;-0,016876724396129646;-6,876683262839747e-05;0,00100760060557005;0,0009388337729416526
2019-12-31;2020-01-31;Information Technology;-1163598,25;-13035969,860000001;37425170,0;412021377,7;0,16460967118809605;0,14496202688376555;-0,031091328376063487;-0,03163906186802695;-0,02416333281798175;-0,016876724396129646;-0,00014688046529083863;9,016223001081357e-05;-5,671823528002506e-05
2019-12-31;2020-01-31;Materials;-218545,0;-3241187,37;10276870,0;136539448,7;0,04520145644075387;0,04803885503134156;-0,02126571611784522;-0,02373810207130271;-0,02416333281798175;-0,016876724396129646;-1,2065491213016587e-06;0,0001117554459799405;0,00011054889685863884
2019-12-31;2020-01-31;No GICS Sector;-1111382,0;-15412934,73;74098282,5;928382107,02;0,3259115167126202;0,3266339060062809;-0,01499875520056757;-0,01660192997415014;-0,02416333281798175;-0,016876724396129646;-5,462276459439501e-06;0,0005224931220137069;0,0005170308455542675
2019-12-31;2020-01-31;Utilities;940884,0;7819973,28;9196320,0;76433414,4;0,04044879986758942;0,026891669395703772;0,1023109243697479;0,1023109243697479;-0,02416333281798175;-0,016876724396129646;0,0017146280060288718;0,0;0,0017146280060288718
2020-01-31;2020-02-28;Cash;0,0;0,0;10000000,0;0,0;0,04473872338918503;0,0;0,0;0,0;-0,08842500387538745;-0,08604615782003654;0,003956021789068573;0,0;0,003956021789068573
2020-01-31;2020-02-28;Communication Services;-360200,0;-4601746,79;4129634,0;60205655,63;0,018475455322457375;0,0217067427905245;-0,08722322607766209;-0,07643379582610152;-0,08842500387538745;-0,08604615782003654;-3,874704029664326e-05;-0,0001993396365674773;-0,00023808667686412056
2020-01-31;2020-02-28;Consumer Discretionary;-5846928,5;-76188882,07;43620287,5;579659838,5600001;0,19515159766192255;0,2089924424865677;-0,13404149388057104;-0,13143722749409306;-0,08842500387538745;-0,08604615782003654;0,0005953255126694415;-0,0005082267460584202;8,709876661102127e-05
2020-01-31;2020-02-28;Consumer Staples;-276250,0;-3512960,75;6302500,0;80146371,5;0,028196580416033866;0,02889623331130101;-0,04383181277270924;-0,04383181277270924;-0,08842500387538745;-0,08604615782003654;-3,1199755264189836e-05;0,0;-3,1199755264189836e-05
2020-01-31;2020-02-28;Financials;-2042837,5;-24718133,48;9810804,5;243483839,89000002;0,04389228687508718;0,08778645512345995;-0,2082232400003486;-0,10151857918442161;-0,08842500387538745;-0,08604615782003654;0,0005747315975874853;-0,00468351158344154;-0,0041087799858540545
2020-01-31;2020-02-28;Health Care;-345890,0;-4677030,28;6763245,0;89035568,03999999;0,030257894726828872;0,03210117312781971;-0,05114260979751584;-0,052529908922452254;-0,08842500387538745;-0,08604615782003654;-6,616465322826068e-05;4,197675087694792e-05;-2,418790235131276e-05
2020-01-31;2020-02-28;Industrials;-2419180,0;-32532893,46;13449540,0;191554841,84;0,06017152497717797;0,0690638053616439;-0,17987083573118487;-0,16983592347497928;-0,08842500387538745;-0,08604615782003654;0,0007239287234367837;-0,000603815973468064;0,00012011274996871963
2020-01-31;2020-02-28;Information Technology;-1674301,75;-18169831,479999997;36261571,75;398985407,84000003;0,16222964281803362;0,14385149591892912;-0,046172895139328866;-0,04554009024632402;-0,08842500387538745;-0,08604615782003654;0,0007881452424303361;-0,00010265971176567989;0,0006854855306646562
2020-01-31;2020-02-28;Materials;-992550,0;-13316175,17;10058325,0;133298261,33;0,04499966199335245;0,04805978845071549;-0,09867945209565211;-0,09989759083979194;-0,08842500387538745;-0,08604615782003654;3,510756690417251e-05;5,481583174729905e-05;8,992339865147156e-05
2020-01-31;2020-02-28;No GICS Sector;-4945816,5;-64802143,06;72986900,5;912969172,2900001;0,32653407525034706;0,3291648731535802;-0,06776307071705286;-0,07097955224211659;-0,08842500387538745;-0,08604615782003654;-4,5895457577763725e-05;0,0010502908203465129;0,0010043953627687492
2020-01-31;2020-02-28;Utilities;-329084,0;-2735117,28;10137204,0;84253387,68;0,04535255656957401;0,030376990275458374;-0,03246299472714567;-0,032462994727145665;-0,08842500387538745;-0,08604615782003654;0,0008380627779514003;-3,146965783072248e-19;0,0008380627779514
2020-02-28;2020-03-31;Cash;0,0;0,0;552435,0;0,0;0,0027042105973922744;0,0;0,0;0,0;-0,15377532403578553;-0,15375941027938472;0,00041584086087500215;0,0;0,00041584086087500215
2020-02-28;2020-03-31;Communication Services;-596645,0;-8035250,42;3769434,0;55603908,839999996;0,018451661044232806;0,021992281632616583;-0,15828503695780322;-0,14450873306625614;-0,15377532403578553;-0,15375941027938472;-3,280948277084695e-05;-0,000254195689849172;-0,000287005172620019
2020-02-28;2020-03-31;Consumer Discretionary;-5712704,0;-76996681,96;37773359,0;503470956,49;0,18490341435083374;0,199131235554535;-0,1512363250512087;-0,15293172519183698;-0,15377532403578553;-0,15375941027938472;-1,2002573519349057e-05;0,0003134852746930513;0,00030148270117370227
2020-02-28;2020-03-31;Consumer Staples;-52500,0;-667621,5;6026250,0;76633410,75;0,029498943970847596;0,0303098035163599;-0,008711885500933417;-0,008711885500933417;-0,15377532403578553;-0,15375941027938472;-0,00011762607384082204;0,0;-0,00011762607384082204
2020-02-28;2020-03-31;Financials;-3484381,4;-41236208,35;17215532,0;218765706,41;0,08427131531156754;0,08652551821079914;-0,20239754426409826;-0,18849484696068913;-0,15377532403578553;-0,15375941027938472;7,826484923725579e-05;-0,00117159858813687;-0,0010933337388996142
2020-02-28;2020-03-31;Health Care;-596440,0;-8214053,72;6417355,0;84358537,75999999;0,031413432165283334;0,033365221245004115;-0,09294171820009957;-0,09737074560691153;-0,15377532403578553;-0,15375941027938472;-0,00011008984022373061;0,0001391309520020683;2,9041111778337693e-05
2020-02-28;2020-03-31;Industrials;-4194350,0;-52121085,05;11030360,0;159021948,38;0,05399443627766497;0,06289585655936013;-0,38025504153989537;-0,32776032227608654;-0,15377532403578553;-0,15375941027938472;0,001548713592046912;-0,0028344227742036375;-0,0012857091821567254
2020-02-28;2020-03-31;Information Technology;-2813967,5;-28913852,29;34587270,0;380815576,36;0,16930727066327783;0,1506189687040773;-0,08135847379686226;-0,07592612824919376;-0,15377532403578553;-0,15375941027938472;0,0014548692781407497;-0,0009197355979755628;0,0005351336801651869
2020-02-28;2020-03-31;Materials;-1133170,0;-15241752,82;9065775,0;119982086,16;0,04437764592861413;0,04745493409990973;-0,12499427792990671;-0,12703357065882842;-0,15377532403578553;-0,15375941027938472;-8,229208134661429e-05;9,049901066888505e-05;8,206929322270758e-06
2020-02-28;2020-03-31;No GICS Sector;-11247154,75;-144239768,14000002;68041084,0;848167029,23;0,33306618952611244;0,33546433276840654;-0,1652994645117647;-0,17006056963915073;-0,15377532403578553;-0,15375941027938472;3,905435169280983e-05;0,0015857631427117025;0,0016248174944045123
2020-02-28;2020-03-31;Utilities;-1579732,0;-13129633,44;9808120,0;81518270,4;0,048011480164173365;0,03224184770893154;-0,16106369008535784;-0,16106369008535784;-0,15377532403578553;-0,15375941027938472;-0,00011493485380101811;0,0;-0,00011493485380101811
2020-03-31;2020-04-30;Cash;0,0;0,0;552435,0;0,0;0,003195557658472828;0,0;0,0;0,0;0,04779335047086095;0,04223426550736284;-0,00015272640712123565;0,0;-0,00015272640712123565
2020-03-31;2020-04-30;Communication Services;-4667,5;61850,5;3172789,0;47568658,42;0,01835298304355869;0,022233108311588035;-0,0014711031839810336;0,0013002363752599604;0,04779335047086095;0,04223426550736284;0,00018039910679171266;-5,086234793869338e-05;0,00012953675885301927
2020-03-31;2020-04-30;Consumer Discretionary;847870,0;12895329,48;32060655,0;426474274,53;0,1854547080125357;0,19932974888660776;0,02644581029302115;0,03023706293705856;0,04779335047086095;0,04223426550736284;0,0002435942071284701;-0,0007031056521017121;-0,000459511444973242
2020-03-31;2020-04-30;Consumer Staples;655000,0;8329373,0;5973750,0;75965789,25;0,0345551287704473;0,03550563914286065;0,10964636953337518;0,10964636953337518;0,04779335047086095;0,04223426550736284;-5,879193618400055e-05;0,0;-5,879193618400055e-05
2020-03-31;2020-04-30;Financials;-423511,6;-1219335,79;13731150,6;177529498,06;0,0794277760450981;0,0829754861703295;-0,030843125411500475;-0,006868355982102189;0,04779335047086095;0,04223426550736284;0,00019392388944560412;-0,0019042626169711115;-0,0017103387275255073
2020-03-31;2020-04-30;Health Care;702820,0;9251200,58;5820915,0;76144484,04;0,03367105543198632;0,03558915927466063;0,12074046777869116;0,12149534791174349;0,04779335047086095;0,04223426550736284;-0,00014136808450412893;-2,5417610804510297e-05;-0,00016678569530863922
2020-03-31;2020-04-30;Industrials;70670,0;3979203,75;6836010,0;106900863,33;0,039542867683794176;0,049964378899087725;0,010337901787738754;0,037223307895244105;0,04779335047086095;0,04223426550736284;0,00011015581724792128;-0,001063126056334156;-0,0009529702390862348
2020-03-31;2020-04-30;Information Technology;2959542,5;32551044,12;31773302,5;351901724,07;0,18379251882818584;0,16447529541832465;0,09314557402397815;0,09250038261683814;0,04779335047086095;0,04223426550736284;0,0008636157279556876;0,00011858135384456318;0,0009821970818002508
2020-03-31;2020-04-30;Materials;437390,0;5909648,17;7932605,0;104740333,34;0,04588611630217102;0,048954569102604;0,05513825533982847;0,05642189576403729;0,04779335047086095;0,04223426550736284;-2,6476283968509713e-05;-5,8901273795414215e-05;-8,537755776392392e-05
2020-03-31;2020-04-30;No GICS Sector;2279642,5;32354854,61;56793929,25;703927261,09;0,3285242165496419;0,3290084597532671;0,040138841071645;0,045963349337969875;0,04779335047086095;0,04223426550736284;8,861656112288616e-07;-0,0019134920149812937;-0,001912605849370065
2020-03-31;2020-04-30;Utilities;-223468,0;-1857310,56;8228388,0;68388636,96;0,047597071674108114;0,03196415504067;-0,027158174845425372;-0,027158174845425376;0,04779335047086095;0,04223426550736284;-0,0011717109468185301;1,651355152416521e-19;-0,00117171094681853
2020-04-30;2020-05-29;Cash;0,0;0,0;552435,0;0,0;0,0030660646691722617;0,0;0,0;0,0;0,053946838022779074;0,053521059694354896;-0,00016540449407520172;0,0;-0,00016540449407520172
2020-04-30;2020-05-29;Communication Services;38299,5;551083,9;3168121,5;47630508,92;0,017583363470444542;0,02124657175744213;0,01208902499478003;0,011569977153206533;0,053946838022779074;0,053521059694354896;0,00015523526791436188;9,126606856936505e-06;0,0001643618747712984
2020-04-30;2020-05-29;Consumer Discretionary;2802633,0;40701673,980000004;32908525,0;439369604,01;0,1826453172175407;0,1959898819329558;0,085164345712851;0,09263652653376003;0,053946838022779074;0,053521059694354896;-0,0005162970521540371;-0,0013647588363417537;-0,0018810558884957908
2020-04-30;2020-05-29;Consumer Staples;-80000,0;-1017328,0;6628750,0;84295162,25;0,03679016748717158;0,03760159725687542;-0,012068640392230812;-0,012068640392230812;0,053946838022779074;0,053521059694354896;5,356692444718015e-05;0,0;5,356692444718015e-05
2020-04-30;2020-05-29;Financials;502329,1;7017219,35;13307639,0;176310162,26999998;0,07385861100038718;0,07864678751443877;0,037747424618296305;0,03980042477219144;0,053946838022779074;0,053521059694354896;6,773552368453186e-05;-0,00015163173975027557;-8,389621606574372e-05
2020-04-30;2020-05-29;Health Care;-29455,0;-270493,4600000001;6523735,0;85395684,62;0,03620732465275101;0,038092507978491855;-0,004515051577049037;-0,0031675307857026;0,053946838022779074;0,053521059694354896;0,00010767105573796254;-4,879012276861239e-05;5,8880932969350144e-05
2020-04-30;2020-05-29;Industrials;-7520,0;1598189,6300000001;6906680,0;110880067,08;0,038332704353052714;0,04946034285802078;-0,0010888009868706818;0,014413678419286181;0,053946838022779074;0,053521059694354896;0,00043991070902687547;-0,0005942519598154993;-0,00015434125078862381
2020-04-30;2020-05-29;Information Technology;2560426,75;28312886,169999998;34732845,0;384452768,19;0,19277045971804185;0,17149309364750956;0,07371773749026318;0,07364464119557988;0,053946838022779074;0,053521059694354896;0,0004191173688929753;1,4090806329785248e-05;0,00043320817522276054
2020-04-30;2020-05-29;Materials;350570,0;4633069,21;8369995,0;110649981,50999999;0,04645423615565358;0,04935770843978334;0,04188413493675922;0,04187139615184921;0,053946838022779074;0,053521059694354896;3,506071079086485e-05;5,917705225456919e-07;3,5652481313410545e-05
2020-04-30;2020-05-29;No GICS Sector;2632728,25;32153616,53;59073571,75;736282115,7;0,3278637146894886;0,3284338370437332;0,044566938683540835;0,04367023976866643;0,053946838022779074;0,053521059694354896;5,858918390260487e-06;0,00029399503718875654;0,00029985395557901705
2020-04-30;2020-05-29;Utilities;873264,0;7257962,88;8004920,0;66531326,4;0,04442803658629599;0,029677671570749277;0,10909090909090909;0,10909090909090909;0,053946838022779074;0,053521059694354896;0,0008133951766981665;0,0;0,0008133951766981665
2020-05-29;2020-06-30;Cash;0,0;0,0;552435,0;0,0;0,0029103022108184357;0,0;0,0;0,0;0,059361553736802415;0,06028738745844006;-0,00017276006107783343;0,0;-0,00017276006107783343
2020-05-29;2020-06-30;Communication Services;173678,0;3027227,57;3206421,0;48181592,82;0,016891858997193622;0,020392294309245967;0,05416568816134874;0,06282954532676654;0,059361553736802415;0,06028738745844006;-1,2139480223410998e-05;-0,00014634865361006313;-0,00015848813383347412
2020-05-29;2020-06-30;Consumer Discretionary;484719,0;5312571,359999999;35711158,0;480071277,99;0,18813120471781558;0,20318454034429978;0,013573320697133372;0,011066213713603298;0,059361553736802415;0,06028738745844006;0,0007270059625643914;0,00047166505716796136;0,0011986710197323528
2020-05-29;2020-06-30;Consumer Staples;583750,0;7423315,25;6548750,0;83277834,25;0,034499699698783075;0,03524636704741061;0,08913914869249857;0,08913914869249857;0,059361553736802415;0,06028738745844006;-2,2233957874074342e-05;0,0;-2,2233957874074342e-05
2020-05-29;2020-06-30;Financials;911091,6;12793750,57;13809968,1;183327381,62;0,07275277759874386;0,0775911650514523;0,06597347607196863;0,06978635955494535;0,059361553736802415;0,06028738745844006;-5,04392496674247e-05;-0,000277397864046929;-0,0003278371137143537
2020-05-29;2020-06-30;Health Care;613070,0;8435230,24;6494280,0;85125191,16;0,034212744380196676;0,03602823920227432;0,094401534889164;0,09909205635903091;0,059361553736802415;0,06028738745844006;-7,213052178919805e-05;-0,00016047561205838107;-0,00023260613384757913
2020-05-29;2020-06-30;Industrials;833670,0;12921604,28;6899160,0;112478256,71000001;0,036345706917175986;0,0476051035255343;0,12083644965474058;0,11488090816801563;0,059361553736802415;0,06028738745844006;-0,0006251144309810452;0,00021645836540958746;-0,00040865606557145774
2020-05-29;2020-06-30;Information Technology;3540919,0;39576454,33;37293271,75;412765654,36;0,19646599368736178;0,17469822419327846;0,09494793119083203;0,09588117110025529;0,059361553736802415;0,06028738745844006;0,0007949506127797651;-0,00018334990615354453;0,0006116007066262205
2020-05-29;2020-06-30;Materials;481290,0;6337844,08;8720565,0;115283050,72;0,04594111451860557;0,0487921997085602;0,05519023136688964;0,0549763737203085;0,059361553736802415;0,06028738745844006;1,2502521800310771e-05;9,82485863226366e-06;2,232738043257443e-05
2020-05-29;2020-06-30;No GICS Sector;2753842,0;35553226,65;61706300,0;768435732,23;0,32507712456927174;0,32523141499113034;0,04462821462314221;0,046267013829282194;0,059361553736802415;0,06028738745844006;2,020362086375633e-06;-0,000532736133678391;-0,0005307157715920153
2020-05-29;2020-06-30;Utilities;1067752,0;8874411,84;8878184,0;73789289,28;0,04677147270403371;0,031230451626813784;0,12026693747279849;0,12026693747279849;0,059361553736802415;0,06028738745844006;0,0009465318523572824;0,0;0,0009465318523572824
2020-06-30;2020-07-31;Cash;0,0;0,0;552435,0;0,0;0,002744823946076139;0,0;0,0;0,0;-0,00950156472225257;-0,010612446525032052;2,6080122374831132e-05;0,0;2,6080122374831132e-05
2020-06-30;2020-07-31;Communication Services;-295917,0;-3823755,57;3380099,0;51208820,39;0,016794331777146652;0,020459051786818262;-0,08754684404214196;-0,07466986235728051;-0,00950156472225257;-0,010612446525032052;0,000238823564339322;-0,00021626030270380394;2,2563261635518068e-05
2020-06-30;2020-07-31;Consumer Discretionary;918868,5;11981121,94;36195877,0;485383849,35;0,1798425333999956;0,19392153997509498;0,025385999073872418;0,02468380840451217;-0,00950156472225257;-0,010612446525032052;-0,0004812960930239468;0,00012628374890758597;-0,0003550123441163609
2020-06-30;2020-07-31;Consumer Staples;-21250,0;-270227,75;7132500,0;90701149,5;0,03543848017484059;0,0362371072134053;-0,0029793200140203293;-0,0029793200140203293;-0,00950156472225257;-0,010612446525032052;-5,2088409761298675e-06;0,0;-5,2088409761298675e-06
2020-06-30;2020-07-31;Financials;-879578,1;-10658309,100000001;14721059,7;196121132,19;0,07314293478178685;0,0783547125164435;-0,05974964560465712;-0,05434554135489259;-0,00950156472225257;-0,010612446525032052;0,00023371683894745659;-0,00039527204469450407;-0,00016155520574704749
2020-06-30;2020-07-31;Health Care;-158735,0;-2000827,72;7107350,0;93560421,4;0,0353135200940278;0,03737944932222915;-0,02233392192589362;-0,021385407312840513;-0,00950156472225257;-0,010612446525032052;2,4551177751239654e-05;-3,349538984752986e-05;-8,944212096290205e-06
2020-06-30;2020-07-31;Industrials;161070,0;3156714,8899999997;7732830,0;125399860,99;0,0384212748195461;0,050100006805765464;0,020829372946256416;0,02517319289733289;-0,00950156472225257;-0,010612446525032052;-0,0004049572009262562;-0,0001668951001069365;-0,0005718523010331927
2020-06-30;2020-07-31;Information Technology;-313095,75;-2398339,01;40834190,75;452342108,68999994;0,20288842051868686;0,18072063672949767;-0,007667490018765708;-0,005302046756039762;-0,00950156472225257;-0,010612446525032052;9,309400629382101e-05;-0,00047992104740103624;-0,00038682704110721525
2020-06-30;2020-07-31;Materials;-153935,0;-2316909,91;9201855,0;121620894,80000001;0,04572026021580901;0,04859022656882521;-0,016728692203908886;-0,019050261994947925;-0,00950156472225257;-0,010612446525032052;2,740443988777323e-05;0,0001061427749554662;0,00013354721484323942
2020-06-30;2020-07-31;No GICS Sector;-1413298,0;-17617724,66;64460142,0;803988958,88;0,3202761253886308;0,32121129954729694;-0,021925145619443406;-0,021912893784688837;-0,00950156472225257;-0,010612446525032052;1,1606754213892185e-05;-3,9239701640950835e-06;7,6827840497971e-06
2020-06-30;2020-07-31;Utilities;19964,0;165926,88;9945936,0;82663701,12;0,04941729488345367;0,0330259695346235;0,0020072520072520073;0,0020072520072520073;-0,00950156472225257;-0,010612446525032052;0,00018864475939336914;0,0;0,00018864475939336914
2020-07-31;2020-08-31;Cash;0,0;0,0;552435,0;0,0;0,0027742656923827823;0,0;0,0;0,0;0,03900851852303939;0,03671289088417935;-0,00010821999464914645;0,0;-0,00010821999464914645
2020-07-31;2020-08-31;Communication Services;-15527,0;763962,9900000002;3084182,0;47385064,82;0,015488410965388713;0,01911298042649354;-0,005034398099723039;0,016122442649430573;0,03900851852303939;0,03671289088417935;8,295217169601049e-05;-0,0003276858442521735;-0,000244733672556163
2020-07-31;2020-08-31;Consumer Discretionary;1802483,5;27188183,33;37114745,5;497364971,28999996;0,1863860275365758;0,20061441294213453;0,048565158556725115;0,05466445145801655;0,03900851852303939;0,03671289088417935;-0,0002227586476824354;-0,001136822974653747;-0,0013595816223361825
2020-07-31;2020-08-31;Consumer Staples;-180000,0;-2288988,0;7111250,0;90430921,75;0,03571188810440515;0,0364757217052071;-0,025312005624890138;-0,025312005624890138;0,03900851852303939;0,03671289088417935;4,9130177565381675e-05;0,0;4,9130177565381675e-05
2020-07-31;2020-08-31;Financials;578224,8;6713476,35;13841481,6;185462823,09;0,06951034517115595;0,0748072693585355;0,04177477648057561;0,03619850187841762;0,03900851852303939;0,03671289088417935;1,4884445131836188e-05;0,00038760877236515215;0,0004024932174969883
2020-07-31;2020-08-31;Health Care;-187090,0;-2358237,68;6948615,0;91559593,68;0,034895153645363504;0,03693097663812676;-0,02692479004808872;-0,025756314387348864;0,03900851852303939;0,03671289088417935;0,00013184973596143865;-4,077413771238496e-05;9,107559824905368e-05
2020-07-31;2020-08-31;Industrials;953600,0;13395455,02;7893900,0;128556575,88;0,03964226732393937;0,0518538769087933;0,12080213835999949;0,10419890953305935;0,03900851852303939;0,03671289088417935;-0,0007960796036983352;0,0006581896355980973;-0,00013788996810023798
2020-07-31;2020-08-31;Information Technology;2113156,75;22510637,66;40521095,0;449943769,68000007;0,20349232701817135;0,18148685657778868;0,05214954704457024;0,05002989079281965;0,03900851852303939;0,03671289088417935;0,00024253048169510286;0,00043133378314734244;0,0006738642648424453
2020-07-31;2020-08-31;Materials;120760,0;1753764,1199999999;9047920,0;119303984,89;0,045437624414499486;0,0481218024427565;0,01334671394088365;0,014699962634248939;0,03900851852303939;0,03671289088417935;6,524849161534905e-05;-6,148840586854415e-05;3,7600857468048977e-06
2020-07-31;2020-08-31;No GICS Sector;2252482,0;30091790,57;63046844,0;786371234,22;0,3166140746372139;0,31718639754314953;0,035727117443023794;0,0382666471769507;0,03900851852303939;0,03671289088417935;4,245899646238482e-07;-0,0008040508567209568;-0,0008036262667563329
2020-07-31;2020-08-31;Utilities;-127512,0;-1059791,04;9965900,0;82829628,0;0,05004761549090403;0,033409705457014535;-0,012794830371567043;-0,012794830371567045;0,03900851852303939;0,03671289088417935;-0,0008618994583626505;8,681877350873173e-20;-0,0008618994583626504
2020-08-31;2020-09-30;Cash;0,0;0,0;552435,0;0,0;0,002676021217423755;0,0;0,0;0,0;-0,01730985157725891;-0,02217591416434384;4,632153009120089e-05;0,0;4,632153009120089e-05
2020-08-31;2020-09-30;Communication Services;-214538,0;-2513953,9899999998;3068655,0;48149027,81;0,01486470967435715;0,01869198183753748;-0,06991271420215045;-0,052211936654676966;-0,01730985157725891;-0,02217591416434384;0,00013357977865375371;-0,0002631169192535729;-0,0001295371405998192
2020-08-31;2020-09-30;Consumer Discretionary;1556967,5;26440520,839999996;38917229,0;524553154,62;0,18851689434474475;0,20363730037647107;0,040007152102221874;0,05040579893024225;-0,01730985157725891;-0,02217591416434384;-0,001023888130375892;-0,0019603206054062327;-0,002984208735782125
2020-08-31;2020-09-30;Consumer Staples;107500,0;1367034,5;6931250,0;88141933,75;0,03357530218626336;0,03421766751515292;0,01550946798917944;0,01550946798917944;-0,01730985157725891;-0,02217591416434384;-2,1081993007226753e-05;0,0;-2,1081993007226753e-05
2020-08-31;2020-09-30;Financials;-1984241,6;-23616992,180000003;14419706,4;192176299,44;0,06984973847678208;0,07460495179492688;-0,13760624141418026;-0,12289232464575343;-0,01730985157725891;-0,02217591416434384;0,0005020671820979694;-0,0010277632382437525;-0,0005256960561457831
2020-08-31;2020-09-30;Health Care;61745,0;778285,24;6761525,0;89201356,0;0,03275314627447782;0,03462894687749906;0,009131815677676264;0,008725038215786764;-0,01730985157725891;-0,02217591416434384;-4,8836261973386626e-05;1,33232417104276e-05;-3,5513020262959025e-05
2020-08-31;2020-09-30;Industrials;-640930,0;-6596155,740000001;8847500,0;141952030,9;0,0428577076419066;0,05510733869549253;-0,07244193274936422;-0,04646749819766052;-0,01730985157725891;-0,02217591416434384;0,00035717041349075647;-0,0011132047221807545;-0,000756034308689998
2020-08-31;2020-09-30;Information Technology;-1219063,25;-12264073,62;42634251,75;472454407,34000003;0,20652232800598416;0,18341199402638186;-0,02859351812126033;-0,025958216135708954;-0,01730985157725891;-0,02217591416434384;-0,00019986659332313632;-0,0005442487010548627;-0,000744115294377999
2020-08-31;2020-09-30;Materials;-86115,0;-1072709,85;9168680,0;121057749,01;0,04441351872305128;0,04699594880123688;-0,009392300745581698;-0,00886114155246178;-0,01730985157725891;-0,02217591416434384;-2,1818202889904313e-05;-2,3590648768552264e-05;-4,540885165845658e-05
2020-08-31;2020-09-30;No GICS Sector;-1981553,0;-25633443,18;65299326,0;816463024,79;0,3163130175667194;0,3169599205744709;-0,030345688407258598;-0,031395718362865366;-0,01730985157725891;-0,02217591416434384;9,112189590395744e-06;0,0003321381437934253;0,00034125033338382107
2020-08-31;2020-09-30;Utilities;-177744,0;-1477284,48;9838388,0;81769836,96;0,047657615888289595;0,03174394950083045;-0,01806637428814558;-0,01806637428814558;-0,01730985157725891;-0,02217591416434384;-1,20390500355867e-05;0,0;-1,20390500355867e-05
2020-09-30;2020-10-01;Cash;0,0;0,0;552435,0;0,0;0,002736710269451796;0,0;0,0;0,0;-0,007320579299198802;-0,007247270844187317;2,0034304546453595e-05;0,0;2,0034304546453595e-05
2020-09-30;2020-10-01;Communication Services;27282,0;281420,08;2854117,0;45635073,82;0,014139023240954958;0,018028101018739816;0,009558823271785985;0,006166749748450391;-0,007320579299198802;-0,007247270844187317;-5,24532716808847e-05;4,796060638146994e-05;-4,492665299414759e-06
2020-09-30;2020-10-01;Consumer Discretionary;-315901,5;-4535267,9;40474196,5;550993675,46;0,20050530688562446;0,21766963018532973;-0,007805009791855905;-0,008231070703694934;-0,007320579299198802;-0,007247270844187317;1,5627968828374335e-05;8,54274738802534e-05;0,00010105544270862775
2020-09-30;2020-10-01;Consumer Staples;-92500,0;-1176285,5;7038750,0;89508968,25;0,03486929577073109;0,03536044946610705;-0,013141537915112769;-0,013141537915112769;-0,007320579299198802;-0,007247270844187317;2,858985334836674e-06;0,0;2,858985334836674e-06
2020-09-30;2020-10-01;Financials;198145,9;2032501,82;12435464,8;168559307,26;0,06160410586506345;0,06658922544791193;0,01593393597961855;0,012058081235851895;-0,007320579299198802;-0,007247270844187317;-9,660494012265426e-05;0,00023876856595260934;0,00014216362582995508
2020-09-30;2020-10-01;Health Care;-44255,0;-557826,76;6823270,0;89979641,24000001;0,033801828414641286;0,035546388470916845;-0,006485893127488726;-0,006199477485269422;-0,007320579299198802;-0,007247270844187317;-1,955829443599271e-06;-9,681372393566192e-06;-1,1637201837165463e-05
2020-09-30;2020-10-01;Industrials;-75640,0;-1200077,21;8206570,0;135355875,16;0,04065456460212519;0,053472234985077874;-0,009217005399332486;-0,00886608880908513;-0,007320579299198802;-0,007247270844187317;1,980983147144171e-05;-1,4266361188168624e-05;5,5434702832730845e-06
2020-09-30;2020-10-01;Information Technology;-281483,75;-3170578,1399999997;41415188,5;460190333,71999997;0,2051668914519028;0,18179783946171224;-0,0067966309026940685;-0,006889710425619497;-0,007320579299198802;-0,007247270844187317;1,0068997107629613e-05;1,909683637643637e-05;2,9165833484065985e-05
2020-09-30;2020-10-01;Materials;-79425,0;-1030744,11;9082565,0;119985039,16;0,04499416023326446;0,0473999979762481;-0,008744776393012327;-0,008590605272258179;-0,007320579299198802;-0,007247270844187317;3,055476420555774e-06;-6,936800110554092e-06;-3,8813236899983175e-06
2020-09-30;2020-10-01;No GICS Sector;-691615,8;-8280080,47;63317773,0;790829581,61;0,3136702048348089;0,3124166215246592;-0,010922933123374381;-0,010470119811582043;-0,007320579299198802;-0,007247270844187317;-3,948211420963922e-06;-0,00014203404426183094;-0,00014598225568279485
2020-09-30;2020-10-01;Utilities;-107548,0;-893864,16;9660644,0;80292552,48;0,047857908431431534;0,031719511463297295;-0,011132591160589294;-0,011132591160589294;-0,007320579299198802;-0,007247270844187317;-6,151976066635608e-05;0,0;-6,151976066635608e-05
2020-10-01;2020-10-02;Cash;0,0;0,0;6801770,0;0,0;0,03394130126955615;0,0;0,0;0,0;0,0021783889338264687;0,0036802157698228276;-7,393735508527139e-05;0,0;-7,393735508527139e-05
2020-10-01;2020-10-02;Communication Services;-39472,0;-546948,87;2881399,0;45916493,9;0,014378379677171945;0,018273045081720736;-0,013698901124072021;-0,011911816942974385;0,0021783889338264687;0,0036802157698228276;5,487663737134634e-05;-2,5695374870889725e-05;2,9181262500456617e-05
2020-10-01;2020-10-02;Consumer Discretionary;-90630,5;-570440,99;40158295,0;546458407,56;0,20039266089072555;0,21746998231999598;-0,0022568313719494317;-0,0010438872970169588;0,0021783889338264687;0,0036802157698228276;5,5027846928011216e-05;-0,00024306509068735784;-0,00018803724375934664
2020-10-01;2020-10-02;Consumer Staples;110000,0;1398826,0;6946250,0;88332682,75;0,034662266431186944;0,035153099833698014;0,015835882670505667;0,015835882670505667;0,0021783889338264687;0,0036802157698228276;-6,703554120547867e-06;0,0;-6,703554120547867e-06
2020-10-01;2020-10-02;Financials;-47021,9;-2746623,87;6384275,7;170591809,08;0,03185797592709052;0,06788915165604875;-0,007365267762480872;-0,016100561245071005;0,0021783889338264687;0,0036802157698228276;0,0006586120660367273;0,00027828876948442715;0,0009369008355211545
2020-10-01;2020-10-02;Health Care;-3445,0;-43423,64;6779015,0;89421814,48;0,03382775225064067;0,035586533476204905;-0,0005081859237662109;-0,00048560455021534024;0,0021783889338264687;0,0036802157698228276;4,685381724758189e-06;-7,638771099580209e-07;3,921504614800168e-06
2020-10-01;2020-10-02;Industrials;238460,0;2812905,3800000004;8130930,0;134155797,95;0,04057390131269834;0,05338898368968387;0,02932751850034375;0,02096745293892086;0,0021783889338264687;0,0036802157698228276;-0,0002407834030117382;0,00033920047505686045;9,841707204512226e-05
2020-10-01;2020-10-02;Information Technology;402741,0;4809176,350000001;41133704,75;457019755,58;0,20526002279593736;0,18187674814932533;0,009791021801895925;0,010522906923130083;0,0021783889338264687;0,0036802157698228276;0,00019512215593748113;-0,00015022675666853064;4,4895399268950485e-05
2020-10-01;2020-10-02;Materials;-319535,0;-4235036,99;9003140,0;118954295,05;0,044926289349976806;0,047339354804547915;-0,035491506296692045;-0,035602220064604555;0,0021783889338264687;0,0036802157698228276;9,116708242677229e-05;4,973958772263591e-06;9,614104119903588e-05
2020-10-01;2020-10-02;No GICS Sector;431671,4;4140459,8999999994;62626157,2;782549501,14;0,31250884238658216;0,31142539637612215;0,006892829119650982;0,0052909878467346455;0,0021783889338264687;0,0036802157698228276;3,3723328743525274e-06;0,0005005895618861336;0,0005039618947604861
2020-10-01;2020-10-02;Utilities;54740,0;454960,8;9553096,0;79398688,32;0,04767060770843351;0,03159770461265236;0,005730079546986652;0,005730079546986653;0,0021783889338264687;0,0036802157698228276;5,7085979051519184e-05;-4,1347661152950277e-20;5,7085979051519144e-05
2020-10-02;2020-10-05;Cash;0,0;0,0;6801770,0;0,0;0,03381684797236256;0,0;0,0;0,0;-0,0020532016643653077;-0,0018894651774213924;6,94328085404434e-05;0,0;6,94328085404434e-05
2020-10-02;2020-10-05;Communication Services;26349,0;479998,32999999996;2841927,0;45369545,03;0,01412941238935636;0,018016133767287563;0,009271525975156998;0,01057974748661481;-0,0020532016643653077;-0,0018894651774213924;-4,9100753531432266e-05;-1,8484401232014513e-05;-6,758515476344678e-05
2020-10-02;2020-10-05;Consumer Discretionary;-57273,0;-1376938,06;40067664,5;545887966,57;0,1992072826637961;0,21677075714941818;-0,0014294069972558545;-0,002522382144914772;-0,0020532016643653077;-0,0018894651774213924;8,24043939928243e-06;0,00021772860918419426;0,0002259690485834767
2020-10-02;2020-10-05;Consumer Staples;-28750,0;-365602,25;7056250,0;89731508,75;0,03508206444866312;0,035632159496234085;-0,004074402125775022;-0,004074402125775022;-0,0020532016643653077;-0,0018894651774213924;1,1118523639696401e-06;0,0;1,1118523639696401e-06
2020-10-02;2020-10-05;Financials;-10538,8;-748139,9199999999;6337253,8;167845185,20999998;0,031507379449301716;0,066650906614536;-0,0016629916258048556;-0,004457321305129858;-0,0020532016643653077;-0,0018894651774213924;8,448924390368227e-05;8,804200551293844e-05;0,0001725312494166207
2020-10-02;2020-10-05;Health Care;42135,0;531104,52;6775570,0;89378390,84;0,033686587552372485;0,035491937250276405;0,006218664997926374;0,005942202751789887;-0,0020532016643653077;-0,0018894651774213924;-1,4434500947325448e-05;9,31306965940232e-06;-5,121431287923129e-06
2020-10-02;2020-10-05;Industrials;-16370,0;-271448,07999999996;8369390,0;136968703,33;0,0416106968114787;0,05438993226609409;-0,0019559370515652872;-0,0019818255805926516;-0,0020532016643653077;-0,0018894651774213924;-9,12131780359125e-07;1,0772397322528257e-06;1,651079518937007e-07
2020-10-02;2020-10-05;Information Technology;-412896,0;-4558110,54;41536445,75;461828931,93;0,20650972779732849;0,18339112304857122;-0,009940571287325421;-0,009869694652847948;-0,0020532016643653077;-0,0018894651774213924;-0,00018070641192216265;-1,463671449313375e-05;-0,0001953431264152964
2020-10-02;2020-10-05;Materials;-41490,0;-521657,88000000006;8683605,0;114719258,06;0,04317290207358487;0,045554732751370994;-0,004777969518420057;-0,004547256396368643;-0,0020532016643653077;-0,0018894651774213924;5,940416072763185e-06;-9,960555025416719e-06;-4,020138952653534e-06
2020-10-02;2020-10-05;No GICS Sector;107203,2;1563926,7200000002;63057828,6;786689961,04;0,31350913118695517;0,31239263171158327;0,0017000775697499993;0,0019879835735192265;-0,0020532016643653077;-0,0018894651774213924;4,5119811979787555e-06;-9,026116110519866e-05;-8,574917990721991e-05
2020-10-02;2020-10-05;Utilities;11592,0;96344,64;9607836,0;79853649,12;0,047767967654800444;0,031709685944628155;0,0012065151819827067;0,0012065151819827065;-0,0020532016643653077;-0,0018894651774213924;5,2345451414050814e-05;1,035802686131039e-20;5,234545141405083e-05
2020-10-05;2020-10-06;Cash;0,0;0,0;6801770,0;0,0;0,033880864686368375;0,0;0,0;0,0;0,008155947884758331;0,007505293178090507;-0,00027633056667256936;0,0;-0,00027633056667256936
2020-10-05;2020-10-06;Communication Services;114843,0;1463013,0899999999;2868276,0;45849543,36;0,014287409165431638;0,018244198932844468;0,0400390339005033;0,03190900023829594;0,008155947884758331;0,007505293178090507;-9,398583449729883e-05;0,00011615711746068918;2,217128296339035e-05
2020-10-05;2020-10-06;Consumer Discretionary;-12070,5;-573421,1;40010391,5;544511028,51;0,1992991030952419;0,21666884329170746;-0,0003016841262350557;-0,0010530936381015267;0,008155947884758331;0,007505293178090507;0,0001599586587105393;0,0001497552417722212;0,0003097139004827605
2020-10-05;2020-10-06;Consumer Staples;-28750,0;-365602,25;7027500,0;89365906,5;0,03500526724418111;0,03555999158374123;-0,004091070793311989;-0,004091070793311989;0,008155947884758331;0,007505293178090507;6,793719347772959e-06;0,0;6,793719347772959e-06
2020-10-05;2020-10-06;Financials;142667,1;3254847,0700000003;6326715,0;167097045,29;0,031514528545395847;0,06649034018561012;0,02254994890713427;0,019478782909363557;0,008155947884758331;0,007505293178090507;-0,0003960253450538133;9,678634850439428e-05;-0,000299238996549419
2020-10-05;2020-10-06;Health Care;22525,0;283923,8;6817705,0;89909495,36;0,03396023984588969;0,03577629348279504;0,003303897719247166;0,0031578844799780223;0,008155947884758331;0,007505293178090507;9,07675122373483e-06;4,9586446262553924e-06;1,4035395849990223e-05
2020-10-05;2020-10-06;Industrials;125140,0;1926447,55;8353020,0;136697255,25;0,04160792563443468;0,05439382239367232;0,014981407921925243;0,014092803447127005;0,008155947884758331;0,007505293178090507;-7,590802229495156e-05;3,6972988905830987e-05;-3,8935033389120576e-05
2020-10-05;2020-10-06;Information Technology;359767,0;3840443,3;41123549,75;457270821,39;0,20484394863438313;0,1819546983515334;0,008748442247498345;0,008398618762347267;0,008155947884758331;0,007505293178090507;5,554554453491941e-06;7,165922402338834e-05;7,721377847688028e-05
2020-10-05;2020-10-06;Materials;87950,0;1236568,72;8642115,0;114197600,17999999;0,043047960886509605;0,04544088299808435;0,010176906926140187;0,010828324921459834;0,008155947884758331;0,007505293178090507;-6,394790101587629e-06;-2,804221638328868e-05;-3,443700648487631e-05
2020-10-05;2020-10-06;No GICS Sector;791257,3;10233385,47;63165031,8;788253887,76;0,3146366159581926;0,3136576655729096;0,012526825008263513;0,012982346968285126;0,008155947884758331;0,007505293178090507;4,724805242348104e-06;-0,00014332388799584338;-0,0001385990827534953
2020-10-05;2020-10-06;Utilities;-96600,0;-802872,0;9619428,0;79949993,76;0,047916136303971346;0,03181326320710196;-0,01004217714400482;-0,01004217714400482;0,008155947884758331;0,007505293178090507;-0,0002930420979391355;0,0;-0,0002930420979391355
